incid,date,year,time,ofcage,ofcrace,ofcgender,ofcexp,ofczpro,ofcteam,loc,natinc,light,light1,susweap,susweap1,susage,susrace,susgender,flag1,flag2,flag3,alcohol,drug,mental,esl,reason,resist,resist1,resist2,control,control1,control2,typecontrol,typecontrol1,typecontrol2,ground,susinjury,ofcinjury,suspart,ofcpart,ofcpart1,susact,susact1,FID
1,2010-01-15T00:00:00.000Z,2010,1933,35,1,0,5,27.25,4,84,5000,3,.,1,1,37,4,0,6,0,0,0,1,0,0,1,5,5,5,3,3,3,1,.,.,1,0,0,.,1,.,2,2,1
2,2010-03-02T00:00:00.000Z,2010,1721,29,1,0,6,40.95,7,1,40222,2,.,5,5,17,5,0,2,3,0,1,0,0,0,1,3,5,5,3,3,3,1,.,.,0,0,0,.,1,.,2,2,2
3,2010-03-14T00:00:00.000Z,2010,138,51,1,0,20,42.02,7,36,12000,2,.,1,1,24,2,1,0,0,0,1,0,0,0,1,4,5,5,3,3,3,1,.,.,0,0,0,.,3,.,3,3,3
4,2010-03-26T00:00:00.000Z,2010,1209,43,1,0,10,45.03,7,82,5300,3,.,1,1,28,1,1,0,0,0,0,0,0,0,3,5,5,5,3,3,3,1,.,.,0,0,0,.,6,.,2,2,4
5,2010-04-05T00:00:00.000Z,2010,2138,29,1,0,6,40.95,4,97,12000,2,.,5,5,25,1,0,0,0,0,0,0,0,0,1,5,5,5,3,3,3,1,.,.,0,0,0,.,5,6,8,8,5
6,2010-04-14T00:00:00.000Z,2010,320,28,1,0,6,51.8,7,75,14100,3,.,1,1,35,2,0,1,0,0,1,0,0,0,2,5,5,5,3,3,3,1,8,.,1,0,0,.,5,.,2,2,6
7,2010-04-17T00:00:00.000Z,2010,915,25,3,0,1,30.86,7,12,12000,3,.,2,2,48,2,0,7,0,0,1,0,0,0,1,5,5,5,3,3,3,1,.,.,0,0,0,.,3,.,2,2,7
8,2010-04-28T00:00:00.000Z,2010,1351,25,3,0,1,30.86,7,75,12000,3,.,5,5,38,2,0,1,0,0,0,0,0,0,1,5,5,5,3,3,3,1,.,.,0,0,0,.,3,.,2,2,8
9,2010-05-02T00:00:00.000Z,2010,35,22,1,0,1,.,7,1,5000,2,.,1,1,41,1,0,3,0,0,0,0,0,0,1,5,5,5,4,5,5,1,7,.,1,0,0,.,1,.,2,2,9
10,2010-05-14T00:00:00.000Z,2010,2247,27,1,0,3,41.42,7,3,5300,2,.,1,1,32,2,0,1,0,0,1,0,0,0,4,5,5,5,3,3,3,1,.,.,0,0,1,.,5,6,2,2,10
11,2010-05-16T00:00:00.000Z,2010,254,28,1,0,2,39.16,7,86,12000,3,.,1,1,30,1,0,0,0,0,1,1,0,0,1,2,5,5,3,3,3,1,.,.,1,0,0,.,1,.,2,2,11
12,2010-05-22T00:00:00.000Z,2010,1427,27,1,0,1,37.67,4,75,24244,3,.,5,5,23,2,1,1,0,0,1,0,0,0,1,5,5,5,3,3,3,1,.,.,0,0,0,.,5,.,8,8,12
14,2010-06-10T00:00:00.000Z,2010,1500,35,1,0,6,25.99,7,75,3121,3,.,1,1,16,2,0,1,8,0,1,1,0,0,4,5,5,5,3,3,3,1,.,.,1,0,0,.,1,.,2,3,13
15,2010-06-10T00:00:00.000Z,2010,1500,36,1,0,11,.,7,75,3121,3,.,1,1,16,2,0,1,8,0,1,1,0,0,4,5,5,5,3,3,3,1,.,.,1,0,0,.,1,.,2,3,14
16,2010-06-11T00:00:00.000Z,2010,650,35,1,1,12,15.61,7,84,5100,3,.,1,1,20,1,1,0,0,0,0,0,0,0,1,5,5,5,3,3,3,1,.,.,0,0,0,.,7,.,3,3,15
17,2010-06-19T00:00:00.000Z,2010,430,28,1,0,2,39.16,7,3,5300,2,.,1,1,25,1,0,0,0,0,1,0,0,0,1,5,5,5,4,4,4,1,.,.,1,0,0,.,.,.,2,2,16
18,2010-06-19T00:00:00.000Z,2010,151,34,1,0,9,40.02,7,3,5300,2,.,1,1,25,1,0,0,0,0,1,0,0,0,1,5,5,5,4,4,4,1,.,.,1,0,0,.,.,.,2,2,17
19,2010-06-24T00:00:00.000Z,2010,2301,26,1,0,3,31.67,4,1,5300,2,.,1,1,28,1,0,5,0,0,0,1,0,0,2,5,5,5,3,3,3,1,.,.,0,0,0,.,1,.,2,2,18
20,2010-07-07T00:00:00.000Z,2010,1134,30,1,0,10,.,4,97,56400,3,.,5,5,19,1,0,0,0,0,0,0,1,0,1,5,5,5,3,3,3,1,.,.,1,0,0,.,.,.,1,1,19
21,2010-07-07T00:00:00.000Z,2010,2050,28,1,0,2,38.3,5,84,12000,2,.,1,1,52,1,0,0,0,0,1,0,0,0,1,5,5,5,3,4,4,1,.,.,1,0,1,.,1,2,2,2,20
22,2010-07-09T00:00:00.000Z,2010,29,28,1,0,2,39.16,7,1,27111,2,.,1,1,32,2,0,2,1,0,1,1,0,0,3,5,5,5,3,3,3,1,.,.,1,0,0,.,6,.,3,3,21
23,2010-07-20T00:00:00.000Z,2010,1731,29,1,0,6,51.8,4,97,5300,3,.,1,1,14,1,0,0,0,0,0,0,1,0,4,5,5,5,3,3,3,1,.,.,1,0,0,.,1,.,1,1,22
24,2010-07-21T00:00:00.000Z,2010,1502,30,1,0,1,42.46,5,1,40222,1,.,1,1,57,1,0,0,0,0,1,0,0,0,1,2,5,5,3,3,3,1,.,.,1,0,0,.,7,.,3,3,23
25,2010-07-22T00:00:00.000Z,2010,316,27,1,0,1,27.05,7,1,13000,3,.,1,1,26,1,1,0,0,0,1,0,0,0,1,5,5,5,3,3,3,1,.,.,0,0,0,.,.,.,3,3,24
26,2010-07-22T00:00:00.000Z,2010,318,28,1,0,2,18.45,5,84,13000,3,.,1,1,26,1,1,0,0,0,1,0,0,0,1,5,5,5,3,3,3,1,.,.,0,0,1,.,3,5,3,3,25
27,2010-07-23T00:00:00.000Z,2010,2139,29,1,0,4,44.75,5,1,5300,2,.,1,1,27,1,0,2,3,0,0,0,0,0,1,2,5,5,3,3,3,1,.,.,1,0,0,.,1,.,2,2,26
29,2010-08-20T00:00:00.000Z,2010,2244,26,1,0,2,28.16,7,75,42000,3,.,1,1,19,1,1,0,0,0,1,1,0,0,1,5,5,5,3,3,3,1,.,.,1,0,0,.,7,.,3,3,27
31,2010-08-22T00:00:00.000Z,2010,114,26,1,0,4,44.75,7,1,24000,2,.,1,1,24,2,0,0,0,0,1,0,0,0,3,5,5,5,3,5,5,1,7,8,1,0,0,.,1,.,2,2,28
32,2010-09-03T00:00:00.000Z,2010,26,26,1,0,4,44.75,7,3,5300,2,.,1,1,25,4,0,2,0,0,1,0,0,0,3,4,5,5,3,5,5,1,7,.,1,0,0,.,1,.,2,2,29
33,2010-09-03T00:00:00.000Z,2010,323,36,1,0,5,27.25,4,83,5100,3,.,1,1,31,2,0,2,0,0,1,0,0,0,1,5,5,5,3,3,3,1,.,.,1,0,0,.,1,.,2,3,30
34,2010-09-03T00:00:00.000Z,2010,327,27,1,0,3,36.85,4,83,5100,3,.,1,1,31,2,0,2,0,0,1,0,0,0,1,5,5,5,3,3,3,1,.,.,1,0,0,.,1,7,3,3,31
35,2010-09-08T00:00:00.000Z,2010,316,34,1,0,9,40.02,7,75,5300,3,.,1,1,35,6,0,0,0,0,1,0,0,0,1,4,5,5,3,4,5,1,7,.,1,0,0,.,1,.,2,2,32
36,2010-09-09T00:00:00.000Z,2010,334,22,1,0,1,41.68,7,75,5300,3,.,1,1,35,6,0,0,0,0,1,0,0,0,1,4,5,5,3,4,5,1,7,.,1,0,0,.,1,.,2,2,33
37,2010-10-09T00:00:00.000Z,2010,352,27,1,1,4,.,1,80,56466,3,.,1,1,32,1,1,2,0,0,0,0,0,0,1,5,5,5,3,4,3,1,.,.,0,0,0,.,3,.,2,2,34
38,2010-11-08T00:00:00.000Z,2010,57,33,1,0,1,32.23,5,84,12000,3,.,1,1,19,1,0,8,0,0,1,0,0,0,1,2,4,5,3,3,3,1,.,.,1,0,0,.,1,.,2,2,35
39,2010-11-18T00:00:00.000Z,2010,2135,31,1,0,1,42.46,5,84,12000,2,.,1,1,19,4,0,0,0,0,0,0,0,0,2,5,5,5,3,4,4,1,.,.,1,0,0,.,1,.,2,2,36
40,2010-11-21T00:00:00.000Z,2010,52,35,1,1,13,.,2,1,23300,2,.,1,1,17,1,1,2,0,0,0,0,0,0,3,5,5,5,3,3,3,1,.,.,1,0,0,.,1,7,2,2,37
41,2010-11-24T00:00:00.000Z,2010,1124,44,1,1,21,0,5,90,12000,1,.,1,1,18,2,0,2,0,0,0,0,0,0,1,3,5,5,3,4,4,1,.,.,1,0,0,.,1,7,1,3,38
42,2010-12-09T00:00:00.000Z,2010,314,26,1,0,1,.,1,86,14100,4,.,1,1,50,1,0,0,0,0,1,0,0,0,2,5,5,5,3,3,3,1,.,.,0,0,0,.,4,.,2,2,39
43,2010-12-09T00:00:00.000Z,2010,1512,29,1,0,6,.,4,80,38500,3,.,1,1,23,1,0,3,0,0,0,0,1,0,4,5,5,5,3,3,3,1,.,.,0,0,0,.,2,.,2,2,40
44,2010-12-18T00:00:00.000Z,2010,251,35,1,0,8,.,7,1,14100,4,.,1,1,24,2,0,0,0,0,1,0,0,0,2,5,5,5,3,3,3,1,.,.,0,0,1,.,6,.,2,2,41
45,2010-12-21T00:00:00.000Z,2010,1308,44,1,0,22,22.3,1,81,8222,1,.,1,1,32,1,0,2,0,0,0,0,0,0,1,4,5,5,4,4,4,1,5,.,1,0,1,.,6,.,2,2,42
46,2010-12-31T00:00:00.000Z,2010,2157,32,1,0,2,27.65,4,21,23300,3,.,1,1,19,1,0,0,0,0,1,1,0,0,1,5,5,5,3,3,3,1,.,.,1,0,0,.,6,.,8,8,43
47,2010-12-31T00:00:00.000Z,2010,2158,26,1,0,3,31.67,4,21,23300,3,.,1,1,19,1,0,0,0,0,1,1,0,0,1,5,5,5,3,3,3,1,.,.,1,0,0,.,6,.,8,8,44
48,2011-01-01T00:00:00.000Z,2011,226,38,1,0,10,19.16,7,12,12000,4,.,1,.,66,1,0,0,0,0,1,0,0,0,1,5,5,5,3,4,4,1,.,.,1,0,0,.,.,.,6,.,45
49,2011-01-04T00:00:00.000Z,2011,635,35,1,0,10,45.91,7,1,40222,1,.,1,.,39,5,0,2,0,0,1,1,0,0,4,4,5,5,3,3,3,1,.,.,1,0,1,.,3,.,3,.,46
50,2011-01-17T00:00:00.000Z,2011,2158,27,1,0,8,26.6,4,84,6000,4,.,1,.,37,1,0,2,1,0,1,0,0,0,1,5,5,5,3,3,3,1,.,.,1,1,1,1,7,.,3,.,47
51,2011-01-26T00:00:00.000Z,2011,232,43,1,0,14,30.32,5,12,12000,3,.,1,.,21,1,0,0,0,0,1,0,0,0,1,5,5,5,3,4,4,1,.,.,1,0,1,.,1,.,2,.,48
52,2011-01-29T00:00:00.000Z,2011,1814,32,1,0,3,26.73,7,3,5100,3,.,1,.,35,1,1,0,0,0,1,0,0,0,1,3,5,5,3,3,3,1,.,.,0,0,1,.,7,.,3,.,49
53,2011-01-29T00:00:00.000Z,2011,1814,25,1,0,3,40.38,7,3,5100,3,.,5,.,35,1,1,0,0,0,1,0,0,0,1,5,5,5,3,3,3,1,.,.,0,0,1,.,1,.,1,.,50
54,2011-02-10T00:00:00.000Z,2011,2038,26,1,0,4,34.96,1,84,40222,3,.,1,.,33,1,1,0,0,0,1,0,0,0,4,5,5,5,3,3,3,1,.,.,1,0,1,.,1,.,2,.,51
157,2013-04-17T00:00:00.000Z,2013,2013,45,1,0,23,53.75,4,75,5000,3,.,1,2,14,1,0,0,0,0,0,0,0,0,1,2,5,5,3,3,3,1,.,.,1,0,1,.,1,.,2,.,52
310,2016-11-05T00:00:00.000Z,2016,1554,36,1,0,12,30.63,5,84,12000,3,.,1,.,17,1,0,0,0,0,0,0,0,0,1,4,4,4,3,3,3,1,.,1,1,0,1,.,1,.,2,.,53
311,2016-11-04T00:00:00.000Z,2016,144,32,3,0,6,.,7,76,14000,3,.,5,1,35,2,0,1,0,0,1,0,0,0,1,5,5,5,3,3,3,1,.,1,1,0,0,.,.,.,9,.,54
312,2016-10-04T00:00:00.000Z,2016,2237,43,1,0,19,.,7,80,70111,2,.,1,.,15,1,0,0,0,0,0,0,0,0,1,2,4,4,2,3,3,1,.,1,0,0,0,.,.,.,3,.,55
313,2016-09-30T00:00:00.000Z,2016,1923,34,6,1,3,.,2,55,70111,1,.,1,.,17,2,1,0,0,0,0,0,0,0,1,2,4,4,2,3,3,1,.,1,0,0,1,.,1,.,2,3,56
314,2016-09-27T00:00:00.000Z,2016,2330,49,1,0,9,.,1,1,35222,2,.,1,.,43,2,0,2,3,1,0,0,1,0,1,5,5,5,3,5,5,1,7,7,1,0,1,.,2,.,9,.,57
315,2016-09-17T00:00:00.000Z,2016,1344,22,2,0,1,43.96,1,3,14400,1,.,1,.,22,1,0,0,0,0,1,0,0,0,3,2,4,4,2,3,3,1,.,.,1,0,0,.,.,.,2,.,58
316,2016-09-14T00:00:00.000Z,2016,1656,29,1,0,2,93.7,4,84,70111,1,3,1,.,32,3,0,0,0,0,0,0,0,0,3,5,5,5,2,3,3,1,.,.,0,0,1,.,2,.,9,.,59
317,2016-09-14T00:00:00.000Z,2016,24,32,1,0,1,.,2,80,5100,2,3,1,.,30,1,0,0,0,0,0,0,0,0,4,4,5,5,3,4,5,1,7,7,1,0,1,.,1,.,2,.,60
318,2016-09-11T00:00:00.000Z,2016,2124,28,1,0,6,46.77,2,84,5100,3,.,1,.,26,4,0,8,0,0,0,0,0,0,1,5,5,5,2,5,5,1,7,7,1,0,1,.,5,.,2,.,61
319,2016-09-05T00:00:00.000Z,2016,1410,51,1,1,29,35.75,5,80,56366,3,.,1,.,35,1,0,3,2,1,0,0,1,0,1,2,5,5,2,3,3,1,.,.,0,0,1,.,1,2,2,.,62
320,2016-09-05T00:00:00.000Z,2016,1410,41,1,1,19,.,5,80,56366,3,.,1,.,35,1,0,3,2,1,0,0,1,0,1,2,5,5,2,3,3,1,.,.,0,0,1,.,1,2,2,.,63
321,2016-08-21T00:00:00.000Z,2016,107,40,1,0,17,.,1,3,14730,2,.,1,.,19,4,0,0,0,0,0,0,0,0,1,4,4,4,2,3,3,1,.,1,1,0,1,.,1,.,2,.,64
322,2016-08-18T00:00:00.000Z,2016,202,31,1,0,8,32.15,7,84,56366,2,.,1,.,17,5,1,0,0,0,1,1,0,0,1,2,4,4,2,3,3,1,.,1,0,0,0,.,.,.,3,.,65
323,2016-08-13T00:00:00.000Z,2016,2146,29,1,0,3,53.74,7,1,5000,2,.,1,.,28,5,0,0,0,0,0,0,0,0,1,2,4,5,1,3,3,1,.,1,0,0,0,.,.,.,3,.,66
324,2016-08-13T00:00:00.000Z,2016,102,24,1,0,1,46.71,7,8,12000,2,.,1,.,23,2,0,0,0,0,1,0,0,0,1,2,3,5,2,3,3,1,.,1,0,0,1,.,5,.,3,.,67
325,2016-08-10T00:00:00.000Z,2016,1805,39,1,0,10,32.19,4,97,56466,3,.,1,.,13,6,0,0,0,0,0,0,1,0,1,3,4,4,2,3,3,1,.,1,0,0,1,.,1,.,2,.,68
326,2016-08-10T00:00:00.000Z,2016,1406,59,1,0,33,25.41,5,84,40222,1,.,1,.,27,1,0,2,3,1,0,0,1,0,1,4,5,5,2,3,3,1,.,1,0,0,1,.,1,5,2,.,69
327,2016-07-27T00:00:00.000Z,2016,2111,45,1,0,16,38.95,4,80,70111,3,.,1,.,16,2,1,0,0,0,0,0,0,0,1,2,3,4,2,3,3,1,.,1,1,0,1,.,1,2,2,.,70
328,2016-07-13T00:00:00.000Z,2016,2038,30,1,0,7,41.63,1,81,5000,3,1,1,.,17,1,0,0,0,0,0,0,1,0,1,3,4,5,2,3,3,1,.,1,0,0,0,.,.,.,3,.,71
329,2016-07-07T00:00:00.000Z,2016,736,35,1,0,10,.,5,97,12000,3,.,1,.,34,2,0,3,0,0,0,0,1,0,3,2,4,5,2,3,3,1,.,1,1,0,1,.,1,.,2,3,72
330,2016-06-17T00:00:00.000Z,2016,2115,27,1,0,1,44.64,7,3,12000,2,.,1,.,55,2,0,2,1,0,0,0,0,0,1,2,3,5,2,3,3,1,.,1,0,0,1,.,4,.,1,3,73
331,2016-06-02T00:00:00.000Z,2016,2029,24,1,0,1,46.71,7,6,37000,1,.,1,.,41,5,0,2,0,0,0,0,0,0,1,4,5,5,2,3,5,1,7,7,1,0,1,.,5,7,2,.,74
332,2016-05-29T00:00:00.000Z,2016,1732,39,1,0,6,43.12,4,1,12000,1,.,1,.,22,2,1,0,0,0,0,0,0,0,1,3,4,4,2,3,3,1,.,1,0,0,0,.,.,.,1,.,75
333,2016-05-29T00:00:00.000Z,2016,1732,23,1,1,1,38.59,4,1,12000,1,.,1,.,22,2,1,0,0,0,0,0,0,0,1,3,4,4,2,3,3,1,.,1,0,0,0,.,.,.,1,.,76
334,2016-05-29T00:00:00.000Z,2016,15,22,2,0,1,43.96,7,36,12000,2,.,1,.,15,1,1,2,3,0,0,0,1,0,3,2,4,5,2,3,3,1,.,1,1,0,0,.,1,.,3,.,77
335,2016-05-09T00:00:00.000Z,2016,1616,28,1,0,6,30.03,4,80,25211,3,.,1,3,19,2,0,0,0,0,0,0,0,0,1,2,4,5,2,3,3,1,.,1,1,0,0,.,.,.,3,.,78
336,2016-05-09T00:00:00.000Z,2016,1727,32,1,0,10,.,4,80,25211,3,.,1,3,19,2,0,0,0,0,0,0,0,0,1,2,4,5,2,3,3,1,.,1,1,0,0,.,.,.,3,.,79
337,2016-04-22T00:00:00.000Z,2016,1202,48,1,0,23,.,4,1,12000,1,.,1,.,15,1,1,0,0,0,0,0,0,0,1,2,4,5,2,3,3,1,.,1,0,0,1,.,1,2,2,.,80
338,2016-04-13T00:00:00.000Z,2016,542,31,1,0,7,23.38,2,1,41000,2,.,5,.,38,1,1,0,0,0,0,0,0,0,1,6,6,6,3,3,3,1,.,1,1,0,0,.,.,.,7,.,81
339,2016-04-13T00:00:00.000Z,2016,552,44,3,0,16,20.54,7,36,12000,4,2,5,.,38,1,1,0,0,0,0,0,0,0,1,2,5,5,2,3,3,1,.,1,0,0,0,.,.,.,7,.,82
340,2016-04-04T00:00:00.000Z,2016,1433,44,1,0,16,38.95,4,4,13000,1,.,1,.,49,1,0,2,1,0,1,0,0,0,1,2,4,5,2,3,3,1,.,1,0,0,0,.,.,.,3,.,83
341,2016-03-29T00:00:00.000Z,2016,1746,28,1,0,2,61.02,4,1,13000,1,.,1,.,49,1,0,2,1,0,1,0,0,0,1,2,4,5,2,3,3,1,.,1,0,0,0,.,.,.,3,.,84
342,2016-03-28T00:00:00.000Z,2016,206,29,1,0,6,.,4,83,5100,2,.,1,.,23,2,1,0,0,0,0,0,0,0,1,4,5,5,2,3,3,1,.,1,1,0,1,.,1,.,2,.,85
343,2016-03-06T00:00:00.000Z,2016,431,38,1,0,6,54.24,4,1,35666,2,.,5,.,18,1,0,2,1,3,0,0,1,0,1,5,6,6,2,3,3,1,.,1,0,0,1,.,1,2,7,.,86
344,2016-03-03T00:00:00.000Z,2016,1128,41,3,0,18,12.9,4,97,12000,3,.,1,.,24,1,1,3,0,0,0,0,1,0,1,4,4,4,2,3,3,1,.,1,0,0,0,.,.,.,3,.,87
345,2016-02-15T00:00:00.000Z,2016,2327,27,1,0,1,44.64,7,3,6000,2,.,1,5,24,2,0,2,1,0,0,0,0,0,1,4,5,5,2,3,3,1,.,1,1,0,1,.,1,2,2,.,88
346,2016-02-13T00:00:00.000Z,2016,251,25,1,0,2,41.97,2,80,56366,3,.,1,.,18,1,0,0,0,0,1,0,1,0,1,2,4,5,2,3,5,1,7,7,1,0,1,.,1,.,2,.,89
347,2016-02-04T00:00:00.000Z,2016,1720,39,1,0,11,30.15,5,17,29100,1,.,5,3,46,1,0,0,0,0,0,0,0,0,1,2,6,6,2,3,3,1,.,1,0,0,1,.,7,.,7,.,90
348,2016-01-29T00:00:00.000Z,2016,2140,39,1,0,10,32.19,4,80,5100,3,.,1,.,33,1,1,0,0,0,0,0,0,0,1,4,4,4,2,3,3,1,.,1,0,0,0,.,.,.,1,3,91
349,2016-01-26T00:00:00.000Z,2016,1713,34,1,0,12,.,4,97,12000,3,.,1,.,25,1,0,0,0,0,0,0,0,0,4,5,5,5,2,3,3,1,.,1,0,0,1,.,1,.,2,.,92
350,2016-01-22T00:00:00.000Z,2016,2011,39,1,0,10,32.19,4,1,3121,2,.,1,.,24,1,1,0,0,0,0,0,0,0,1,2,4,5,2,3,3,1,.,1,0,0,0,.,.,.,1,.,93
351,2016-01-22T00:00:00.000Z,2016,2010,28,1,0,2,61.02,4,1,3121,2,.,1,.,24,1,1,0,0,0,0,0,0,0,1,2,4,5,2,3,3,1,.,1,0,0,0,.,.,.,1,.,94
352,2016-01-17T00:00:00.000Z,2016,1507,39,1,0,10,28.1,7,84,24244,3,.,1,.,26,3,0,0,0,0,0,0,0,0,1,2,4,4,2,3,5,1,7,7,1,0,1,.,1,.,2,.,95
353,2016-01-12T00:00:00.000Z,2016,1704,22,1,0,1,.,7,1,3121,1,.,1,2,18,4,0,2,1,0,0,0,0,0,3,4,5,5,2,3,3,1,.,1,1,0,1,.,1,.,2,.,96
354,2016-01-09T00:00:00.000Z,2016,221,30,1,0,7,23.38,4,3,5000,2,.,1,.,40,2,1,1,0,0,0,0,0,0,1,4,5,4,2,3,3,1,.,1,1,0,1,.,1,.,3,.,97
355,2016-01-08T00:00:00.000Z,2016,2255,24,1,0,1,.,1,80,27000,2,.,1,.,17,4,0,0,0,0,0,0,0,0,1,4,5,5,2,3,3,1,.,1,0,0,1,.,1,.,2,.,98
158,2013-04-17T00:00:00.000Z,2013,2207,25,1,0,3,.,7,75,12000,3,.,1,.,23,4,0,8,0,0,0,0,0,0,1,5,5,5,3,3,3,1,.,.,1,0,1,.,7,.,3,.,99
159,2013-04-25T00:00:00.000Z,2013,37,28,1,0,5,40.5,1,10,82000,2,.,1,.,30,1,0,0,0,0,1,1,0,0,4,5,5,5,3,3,3,1,.,.,1,1,1,4,5,.,1,.,100
160,2013-04-26T00:00:00.000Z,2013,310,32,1,0,4,22.28,2,35,23300,3,.,1,.,31,1,0,0,0,0,0,0,0,0,1,2,3,5,3,3,3,1,.,.,1,0,1,.,1,.,2,.,101
161,2013-04-30T00:00:00.000Z,2013,1939,26,1,1,3,25.77,5,80,40222,3,.,1,.,15,2,1,0,0,0,0,0,0,0,4,5,5,5,3,3,3,1,.,.,0,0,1,.,6,.,1,3,102
162,2013-05-02T00:00:00.000Z,2013,1726,53,1,0,23,58.49,4,84,5100,1,.,1,3,32,4,0,1,2,0,0,0,0,1,1,6,6,6,3,5,5,1,7,.,1,1,1,3,3,.,3,4,103
163,2013-05-02T00:00:00.000Z,2013,1727,28,1,0,5,39.98,4,84,5100,1,.,1,3,32,4,0,1,2,0,0,0,0,1,1,6,6,6,3,5,5,1,7,.,1,1,1,3,3,.,3,4,104
164,2013-05-26T00:00:00.000Z,2013,229,34,1,0,8,28.12,1,81,5100,3,.,1,.,39,1,1,0,0,0,0,1,0,0,1,4,5,5,3,3,3,1,.,.,1,0,1,.,7,.,3,.,105
165,2013-06-21T00:00:00.000Z,2013,1253,45,1,0,19,26.55,1,75,12000,3,.,1,.,33,1,0,2,3,0,0,0,1,0,1,5,5,5,3,3,3,1,.,.,0,0,1,.,1,.,2,.,106
166,2013-06-27T00:00:00.000Z,2013,1058,40,1,0,18,31.87,1,36,35222,1,.,1,.,24,1,1,0,0,0,0,1,1,0,1,5,5,5,3,3,3,1,.,.,1,0,1,.,7,.,2,3,107
167,2013-06-28T00:00:00.000Z,2013,2342,23,1,0,1,.,7,10,94000,4,.,1,3,54,1,0,2,0,0,0,0,0,0,3,5,5,5,3,3,3,1,.,.,1,0,0,.,.,.,3,.,108
168,2013-06-29T00:00:00.000Z,2013,102,38,1,0,13,26.45,4,84,5000,3,.,1,.,33,1,0,0,0,0,1,0,0,0,1,5,5,5,3,3,3,1,.,.,0,0,1,.,7,.,3,.,109
169,2013-07-04T00:00:00.000Z,2013,2143,26,1,1,5,32.34,5,97,5100,1,.,1,.,45,1,1,0,0,0,0,1,0,0,1,5,5,5,3,3,3,1,.,.,0,0,1,.,1,.,1,3,110
170,2013-07-18T00:00:00.000Z,2013,1938,42,1,0,10,.,1,80,12000,1,.,1,4,18,2,0,5,0,0,0,0,0,0,1,2,5,5,3,4,4,1,.,.,1,1,1,1,1,.,3,2,111
171,2013-07-20T00:00:00.000Z,2013,242,33,1,0,3,28.49,7,1,24000,2,.,1,.,26,5,0,2,3,0,1,0,1,0,3,5,5,5,3,3,3,1,.,.,1,1,1,2,7,.,2,3,112
172,2013-07-20T00:00:00.000Z,2013,310,29,1,0,3,.,7,1,24000,2,.,1,.,26,5,0,2,3,0,1,0,1,0,3,5,5,5,3,3,3,1,.,.,1,1,1,2,2,.,2,3,113
173,2013-07-29T00:00:00.000Z,2013,1725,23,1,0,1,.,7,3,12000,1,.,1,5,33,1,0,2,1,3,0,0,1,0,1,5,5,5,3,3,3,1,.,.,0,1,1,4,2,.,2,3,114
174,2013-07-30T00:00:00.000Z,2013,1911,50,1,0,14,.,4,10,35222,1,.,4,1,30,4,0,0,0,0,0,0,0,1,1,6,6,6,3,4,4,1,.,.,1,1,1,.,3,.,6,2,115
175,2013-08-13T00:00:00.000Z,2013,2350,37,1,0,12,26.45,2,80,12000,4,.,4,.,33,1,0,0,0,0,1,0,0,0,1,.,.,.,3,3,3,1,6,.,0,0,0,.,.,.,6,.,116
176,2013-08-26T00:00:00.000Z,2013,240,27,1,0,5,24.99,2,1,14100,4,.,1,.,21,4,1,8,0,0,1,0,0,0,4,4,5,5,3,3,3,1,.,.,1,0,1,.,7,.,3,.,117
177,2013-08-28T00:00:00.000Z,2013,2051,25,1,0,3,53.58,7,3,12000,2,.,1,.,52,1,0,2,3,0,1,0,1,0,1,5,5,5,3,3,3,1,.,.,0,0,1,.,7,.,3,.,118
178,2013-09-15T00:00:00.000Z,2013,29,24,1,0,3,41.65,5,82,8000,3,.,1,.,37,5,1,0,0,0,1,0,0,0,1,4,5,5,3,3,3,1,.,.,0,0,1,.,1,.,2,.,119
179,2013-09-15T00:00:00.000Z,2013,217,34,1,0,3,40.33,7,3,14000,2,.,1,.,30,3,0,0,0,0,1,0,0,0,1,3,5,5,3,3,3,1,.,.,1,0,2,.,7,.,3,2,120
180,2013-09-20T00:00:00.000Z,2013,1751,29,1,0,1,.,4,3,5000,1,.,5,5,30,1,1,0,0,0,0,0,0,0,1,5,5,5,3,3,3,1,.,.,1,0,0,.,.,.,1,.,121
181,2013-09-22T00:00:00.000Z,2013,1653,51,1,0,9,46.32,5,84,5100,1,.,1,.,29,2,1,0,0,0,0,0,0,0,1,5,5,5,3,3,3,1,.,.,0,0,1,.,7,.,3,1,122
182,2013-10-05T00:00:00.000Z,2013,155,26,1,0,2,51.17,7,3,12100,2,.,1,.,22,1,0,0,0,0,1,0,0,0,3,5,5,5,3,3,3,1,.,.,1,0,1,.,5,.,2,.,123
183,2013-10-05T00:00:00.000Z,2013,2045,26,1,0,1,.,7,12,14600,3,.,1,.,26,1,0,0,0,0,0,0,0,0,4,5,5,5,3,3,3,1,.,.,0,0,1,.,4,.,2,.,124
184,2013-10-10T00:00:00.000Z,2013,1520,40,1,0,14,.,1,90,12000,1,.,1,.,16,2,1,0,0,0,0,0,0,0,4,5,5,5,3,3,3,1,.,.,0,0,1,.,7,.,3,2,125
185,2013-10-12T00:00:00.000Z,2013,208,30,1,0,3,.,7,1,94800,2,.,5,.,22,1,0,0,0,0,0,1,0,0,2,5,5,5,3,3,3,1,.,.,0,0,1,.,6,.,7,.,126
186,2013-10-21T00:00:00.000Z,2013,248,33,1,0,2,60.94,4,1,94666,2,.,1,.,30,4,0,0,0,0,0,1,0,1,2,5,5,5,3,3,3,1,.,.,1,1,1,6,1,.,2,1,127
187,2013-11-06T00:00:00.000Z,2013,1648,48,1,0,19,30.94,4,84,5100,2,.,1,.,30,1,0,0,0,0,0,0,0,0,1,5,5,5,3,3,3,1,.,.,1,0,1,.,7,.,3,.,128
188,2013-11-26T00:00:00.000Z,2013,1543,49,1,0,11,.,2,15,17100,3,.,4,.,26,1,0,2,0,0,0,0,0,0,1,5,5,5,4,4,4,1,6,.,1,0,0,.,.,.,1,6,129
189,2013-12-13T00:00:00.000Z,2013,117,24,1,1,1,.,1,76,5300,3,.,1,1,54,1,0,2,0,0,0,0,0,0,2,5,5,5,3,3,3,1,.,.,1,1,1,1,6,.,3,2,130
190,2013-12-13T00:00:00.000Z,2013,115,46,1,0,23,53.75,1,75,5300,3,.,1,1,54,1,0,2,0,0,0,0,0,0,2,5,5,5,3,3,3,1,.,.,1,1,1,1,6,.,1,.,131
191,2013-12-13T00:00:00.000Z,2013,2357,35,1,0,5,.,4,84,12000,3,.,1,3,41,1,0,5,5,0,0,0,0,0,1,2,5,5,3,5,5,1,7,.,1,1,1,.,1,.,2,.,132
192,2014-01-03T00:00:00.000Z,2014,1834,31,6,1,1,.,1,1,5000,3,.,1,.,23,2,0,2,3,0,0,0,0,0,1,5,5,5,4,4,4,1,.,.,0,0,1,.,7,.,3,.,133
193,2014-01-27T00:00:00.000Z,2014,2229,26,1,0,4,42.09,2,80,14000,3,.,1,.,21,1,1,5,1,0,1,0,0,0,1,3,5,5,3,3,3,1,.,.,1,0,1,.,7,.,3,.,134
194,2014-02-03T00:00:00.000Z,2014,2216,24,1,0,1,43.74,5,76,56466,3,.,5,1,16,1,1,0,0,0,0,0,1,0,1,4,5,5,3,3,3,1,.,.,1,0,1,.,7,.,8,3,135
195,2014-02-07T00:00:00.000Z,2014,1034,41,1,0,19,30.1,1,75,14000,1,.,5,1,27,1,0,0,0,0,1,0,0,0,1,5,5,5,3,3,3,1,.,.,0,0,1,.,7,.,1,3,136
196,2014-02-26T00:00:00.000Z,2014,2234,38,1,0,13,.,1,36,12000,3,.,1,.,43,1,0,3,2,0,0,0,0,0,1,5,5,5,3,3,3,1,.,.,1,0,1,.,7,.,3,.,137
197,2014-03-18T00:00:00.000Z,2014,1006,48,1,0,26,40.48,5,1,70111,1,.,5,1,26,1,0,2,0,0,0,0,0,0,3,4,5,5,3,3,3,1,.,.,0,0,1,.,1,.,1,3,138
198,2014-03-18T00:00:00.000Z,2014,1014,26,1,0,1,39.84,5,1,70111,1,.,5,1,26,1,0,2,0,0,0,0,0,0,1,5,5,5,3,3,3,1,.,.,0,0,1,.,6,.,1,3,139
199,2014-03-18T00:00:00.000Z,2014,1409,38,1,0,16,31.83,1,36,41100,1,.,5,.,21,2,0,2,3,0,0,0,0,0,1,6,6,6,.,.,.,.,.,.,0,0,1,.,8,.,5,.,140
200,2014-03-19T00:00:00.000Z,2014,1431,45,1,0,20,29.8,1,1,13000,1,.,3,.,37,1,0,2,4,0,0,0,0,0,1,2,2,2,5,5,5,7,.,.,1,0,0,.,.,.,4,.,141
201,2014-03-19T00:00:00.000Z,2014,1432,26,1,0,1,.,1,1,13000,1,.,3,.,37,1,0,2,0,0,0,0,0,0,1,2,2,2,5,5,5,7,.,.,1,0,0,.,.,.,4,.,142
202,2014-03-20T00:00:00.000Z,2014,328,30,1,0,8,71.77,4,83,13000,2,.,2,.,33,1,0,0,0,0,0,0,0,0,1,5,5,5,3,3,3,1,.,.,0,0,1,.,7,.,3,.,143
203,2014-03-22T00:00:00.000Z,2014,51,38,1,0,13,.,1,76,12000,3,.,1,.,34,2,0,0,0,0,1,0,0,0,1,4,5,5,3,4,4,1,.,.,1,0,1,.,2,.,2,.,144
204,2014-03-24T00:00:00.000Z,2014,2001,38,1,0,16,31.83,1,1,37000,2,.,5,.,23,2,1,8,0,0,0,0,0,0,1,6,6,6,.,.,.,.,.,.,0,0,0,.,10,.,7,.,145
205,2014-03-27T00:00:00.000Z,2014,1023,54,1,0,26,20.65,2,89,12000,1,.,1,.,14,1,1,2,3,0,0,0,0,0,1,3,5,5,3,3,3,1,.,.,1,0,1,.,3,.,2,.,146
206,2014-04-04T00:00:00.000Z,2014,1216,25,1,1,1,31.92,2,88,12000,1,.,1,5,12,1,1,0,0,0,0,0,0,0,1,3,5,5,4,4,4,1,.,.,1,0,1,.,7,.,1,3,147
207,2014-04-19T00:00:00.000Z,2014,15,26,1,0,4,50.58,7,75,24222,3,.,5,1,57,5,0,2,1,0,1,0,0,0,1,5,5,5,3,3,3,1,.,.,0,0,1,.,7,.,1,3,148
208,2014-04-19T00:00:00.000Z,2014,2306,33,1,0,4,34.66,2,1,13000,2,.,1,.,47,1,0,0,0,0,1,0,0,0,1,2,4,5,3,4,5,1,7,.,1,0,1,.,6,.,2,3,149
209,2014-04-22T00:00:00.000Z,2014,411,37,1,0,8,42.66,4,84,13000,3,.,1,.,36,2,0,2,0,0,0,0,0,0,1,5,5,5,3,3,3,1,.,.,0,0,1,.,1,.,3,.,150
210,2014-04-30T00:00:00.000Z,2014,604,25,1,1,1,32.58,4,80,13000,1,.,1,.,24,1,1,0,0,0,0,0,0,0,1,4,5,5,3,3,3,1,.,.,0,0,1,.,7,.,3,.,151
211,2014-05-01T00:00:00.000Z,2014,2048,33,1,0,10,.,7,3,35222,2,.,1,.,25,2,0,0,0,0,0,0,0,0,4,4,5,5,3,3,3,1,.,.,1,0,1,.,5,.,2,.,152
212,2014-05-01T00:00:00.000Z,2014,2355,26,1,0,4,50.58,7,3,12000,2,.,1,.,18,1,1,0,0,0,1,0,0,0,1,5,5,5,3,3,3,1,.,.,0,0,1,.,3,.,3,.,153
213,2014-05-06T00:00:00.000Z,2014,19,38,1,0,14,31.23,1,7,12311,2,.,1,1,22,1,0,0,0,0,1,0,0,0,1,3,4,5,3,4,4,1,.,.,1,0,1,.,6,.,3,.,154
214,2014-05-11T00:00:00.000Z,2014,247,24,1,0,1,78,2,7,5100,1,.,1,1,19,4,0,0,0,0,0,0,0,0,1,4,5,5,3,3,3,1,.,.,1,0,1,.,1,.,2,.,155
215,2014-05-13T00:00:00.000Z,2014,1620,39,1,0,16,31.83,4,97,12000,3,.,5,1,30,2,0,2,3,1,0,0,0,0,1,5,5,5,3,3,3,1,.,.,1,0,1,.,6,.,1,8,156
216,2014-05-17T00:00:00.000Z,2014,256,36,1,0,5,54.41,7,1,42000,1,.,1,.,23,2,0,0,0,0,0,0,0,0,1,3,5,5,3,3,3,1,.,.,1,0,1,.,3,.,3,2,157
217,2014-05-18T00:00:00.000Z,2014,2124,41,1,0,15,.,4,97,12000,3,.,1,5,30,2,0,2,3,1,0,0,1,0,1,5,5,5,3,3,3,1,.,.,1,0,1,.,5,.,2,8,158
218,2014-05-29T00:00:00.000Z,2014,2300,33,1,0,8,33.69,4,97,12000,1,.,5,1,39,1,0,2,3,0,0,0,1,0,1,5,5,5,3,4,4,1,.,.,1,0,3,.,6,.,8,2,159
219,2014-06-18T00:00:00.000Z,2014,1532,34,1,0,3,24.36,5,75,31444,1,.,2,1,14,2,0,0,0,0,0,0,0,0,1,2,5,5,3,4,4,1,7,.,1,0,1,.,5,.,5,2,160
220,2014-06-26T00:00:00.000Z,2014,1200,56,1,0,.,.,4,84,3021,1,.,1,.,51,2,0,0,0,0,0,0,0,0,1,4,5,5,3,3,3,1,.,.,1,0,1,.,6,.,2,.,161
221,2014-06-30T00:00:00.000Z,2014,2047,27,1,0,3,.,2,3,12000,1,.,1,.,32,4,0,0,0,0,0,0,0,0,1,4,5,5,3,3,3,1,.,.,0,0,1,.,5,.,2,.,162
222,2014-07-08T00:00:00.000Z,2014,1115,38,1,0,9,24.32,2,84,12000,1,.,1,.,34,2,0,0,0,0,0,1,0,0,1,2,5,5,3,5,5,1,7,.,1,0,1,.,1,.,2,.,163
223,2014-07-08T00:00:00.000Z,2014,1142,53,1,0,.,.,2,80,12000,1,.,1,.,34,2,0,0,0,0,0,1,0,0,1,2,5,5,3,5,5,1,7,.,1,0,1,.,6,.,2,.,164
224,2014-08-26T00:00:00.000Z,2014,2337,32,6,1,1,.,4,1,56300,2,.,1,.,26,1,0,0,0,0,0,0,1,0,1,3,5,5,3,3,3,1,.,.,0,0,0,.,.,.,3,.,165
225,2014-09-18T00:00:00.000Z,2014,440,26,1,0,4,30.33,4,75,56300,1,.,1,.,42,1,1,0,0,0,0,0,1,0,1,5,5,5,3,3,3,1,.,.,1,0,1,.,5,.,2,.,166
226,2014-09-19T00:00:00.000Z,2014,335,36,1,0,5,54.41,4,84,70111,1,.,1,.,29,4,0,0,0,0,0,0,0,0,3,4,5,5,3,4,4,1,.,.,1,0,1,.,1,.,2,.,167
227,2014-09-20T00:00:00.000Z,2014,1758,25,1,1,1,34.86,1,96,12000,1,.,2,.,27,4,0,0,0,0,1,0,0,0,1,5,5,5,3,3,3,1,.,.,0,0,1,.,1,.,5,.,168
228,2014-09-27T00:00:00.000Z,2014,2125,24,1,0,1,.,4,1,94000,2,.,1,.,23,2,0,2,0,0,0,0,0,0,2,4,5,5,3,3,3,1,.,.,0,1,1,1,1,.,2,.,169
229,2014-10-01T00:00:00.000Z,2014,816,49,1,1,26,40.71,4,3,12000,1,.,1,.,17,1,1,0,0,0,0,0,0,0,1,2,4,5,3,3,3,1,.,.,1,0,1,.,1,.,2,.,170
230,2014-10-01T00:00:00.000Z,2014,1022,53,1,0,.,.,2,17,25211,2,.,1,1,11,2,0,0,0,0,0,0,0,0,1,5,5,5,3,3,3,1,.,.,0,0,1,.,1,.,2,3,171
231,2014-10-04T00:00:00.000Z,2014,2154,30,1,0,4,25.51,2,21,8111,1,.,5,.,30,1,0,2,3,0,0,0,0,0,1,5,5,5,3,4,4,1,.,.,1,0,1,.,1,.,5,.,172
232,2014-10-09T00:00:00.000Z,2014,32,39,1,0,14,64.28,4,1,5000,2,.,1,.,25,2,0,8,2,1,1,0,0,0,1,4,5,5,3,3,3,1,.,.,0,0,1,.,1,.,2,.,173
233,2014-10-14T00:00:00.000Z,2014,345,24,1,0,1,.,7,80,94444,2,.,5,.,23,2,1,0,0,0,0,0,0,0,2,4,5,5,3,3,3,1,.,.,1,0,1,.,5,.,8,.,174
234,2014-10-14T00:00:00.000Z,2014,346,26,1,0,2,36.68,7,80,94444,2,.,1,.,23,2,1,0,0,0,0,0,0,0,2,4,5,5,3,3,3,1,.,.,1,0,1,.,3,.,3,.,175
235,2014-10-18T00:00:00.000Z,2014,140,26,1,0,1,.,7,3,12000,2,.,5,.,23,1,0,0,0,0,1,0,0,0,1,5,5,5,3,3,3,1,5,.,1,0,0,.,.,.,1,.,176
236,2014-10-18T00:00:00.000Z,2014,151,28,1,0,2,45.25,7,3,12000,3,.,5,.,23,1,0,0,0,0,1,0,0,0,1,5,5,5,3,3,3,1,5,.,1,0,1,.,6,.,8,.,177
237,2014-10-18T00:00:00.000Z,2014,150,26,1,0,4,53.66,7,3,12000,2,.,5,.,23,1,0,0,0,0,1,0,0,0,1,5,5,5,3,3,3,1,5,.,1,0,0,.,.,.,8,.,178
238,2014-10-19T00:00:00.000Z,2014,48,26,1,0,1,.,4,82,40222,2,.,1,.,30,2,1,0,0,0,0,0,0,0,1,2,4,5,3,3,3,1,.,.,1,0,1,.,5,.,3,.,179
239,2014-11-07T00:00:00.000Z,2014,1918,43,1,0,15,23.34,7,75,23300,3,.,1,.,26,1,0,2,1,0,1,1,0,0,1,3,4,5,3,3,3,1,.,.,1,0,1,.,1,.,3,.,180
240,2014-11-13T00:00:00.000Z,2014,1028,56,1,0,25,.,5,75,12000,3,.,2,.,33,1,0,2,0,0,0,0,0,0,1,5,5,5,3,3,3,1,.,.,0,0,0,.,.,.,5,.,181
241,2014-11-28T00:00:00.000Z,2014,610,24,1,0,1,78,2,1,70111,2,.,1,.,17,2,1,0,0,0,0,0,0,0,1,2,5,5,3,3,3,1,.,.,0,0,1,.,1,.,3,.,182
242,2014-12-02T00:00:00.000Z,2014,1404,50,1,1,21,.,4,97,12000,1,.,1,5,24,2,0,2,3,0,0,0,0,0,1,5,5,5,3,3,3,1,.,.,0,0,1,.,5,.,3,8,183
243,2014-12-21T00:00:00.000Z,2014,1351,53,1,0,.,.,5,80,12000,1,.,3,.,17,2,0,1,8,0,0,0,0,0,1,6,6,6,5,5,5,7,.,.,0,0,0,.,.,.,4,.,184
244,2014-12-21T00:00:00.000Z,2014,1654,39,1,0,15,.,5,80,12000,1,.,3,.,17,2,0,1,8,0,0,0,0,0,1,6,6,6,5,5,5,7,.,.,0,0,0,.,.,.,4,.,185
245,2014-12-21T00:00:00.000Z,2014,1654,28,1,0,1,31.19,5,80,12000,1,.,3,.,17,2,0,1,8,0,0,0,0,0,1,6,6,6,5,5,5,7,.,.,0,0,0,.,.,.,4,.,186
246,2015-01-11T00:00:00.000Z,2015,1526,39,1,0,17,24.83,1,82,13000,3,.,1,.,28,1,0,0,0,0,1,0,0,0,1,3,5,5,3,3,3,1,.,.,0,0,2,.,7,.,3,.,187
247,2015-02-23T00:00:00.000Z,2015,710,42,1,0,18,17.3,7,80,41000,2,.,5,.,23,1,0,0,0,0,0,0,0,0,1,6,6,6,3,3,3,1,.,.,0,0,0,.,10,.,7,.,188
248,2015-02-23T00:00:00.000Z,2015,713,38,1,0,15,31.66,7,2,41000,2,.,5,.,23,1,0,0,0,0,0,0,0,0,1,6,6,6,3,3,3,1,.,.,0,0,0,.,10,.,7,.,189
249,2015-03-02T00:00:00.000Z,2015,1920,52,1,0,25,35.39,4,97,12000,3,.,1,.,16,1,1,0,0,0,0,0,1,0,1,5,5,5,3,3,3,1,.,.,0,0,1,.,1,.,2,.,190
250,2015-03-14T00:00:00.000Z,2015,308,28,1,0,2,.,7,1,12311,2,.,1,5,19,2,1,0,0,0,1,0,0,0,1,5,5,5,3,3,3,1,.,.,0,0,1,.,7,.,3,.,191
251,2015-03-20T00:00:00.000Z,2015,1625,30,1,0,7,33.27,5,1,25211,1,.,1,.,15,1,1,2,3,0,0,0,0,0,1,5,5,5,3,4,4,1,.,.,0,0,1,.,1,.,2,1,192
252,2015-03-23T00:00:00.000Z,2015,1404,48,1,0,27,25.15,5,80,41000,1,.,5,.,21,2,0,0,0,0,0,0,0,0,1,6,6,6,6,6,6,6,.,.,0,0,0,.,10,.,7,.,193
253,2015-03-25T00:00:00.000Z,2015,330,42,1,0,14,18.96,4,97,70111,3,.,1,.,42,1,1,0,0,0,0,0,0,0,1,5,5,5,.,.,.,.,.,.,0,0,0,.,10,.,3,.,194
254,2015-04-02T00:00:00.000Z,2015,1945,27,1,0,5,55.89,4,80,5100,3,.,5,.,41,5,0,2,6,3,1,0,0,0,1,5,5,5,3,3,3,1,.,.,0,0,0,.,10,.,1,.,195
255,2015-04-10T00:00:00.000Z,2015,815,46,1,0,21,27.75,1,80,70111,3,.,1,.,17,2,0,8,0,0,0,0,0,0,1,5,5,5,3,3,3,1,.,.,0,0,1,.,1,.,2,.,196
256,2015-04-10T00:00:00.000Z,2015,2200,28,1,0,2,63.25,7,75,12000,3,.,5,.,22,1,0,2,1,0,1,0,0,0,1,5,5,5,3,4,4,1,.,.,1,0,1,.,1,.,2,.,197
257,2015-04-12T00:00:00.000Z,2015,2325,33,1,0,11,.,4,97,12000,3,.,5,.,48,1,0,0,0,0,1,0,0,0,3,5,5,5,3,3,3,1,.,.,1,0,1,.,7,.,5,.,198
258,2015-04-15T00:00:00.000Z,2015,1949,33,1,0,5,30.25,5,97,12000,3,.,1,.,38,1,0,2,0,0,1,0,0,0,1,4,5,5,3,3,3,1,.,.,0,0,1,.,7,.,3,.,199
106,2012-03-09T00:00:00.000Z,2012,2010,29,1,0,2,43.93,2,62,12000,1,.,3,3,45,1,1,2,3,0,0,0,1,0,1,2,6,6,3,5,5,1,7,.,1,0,0,.,.,.,7,7,200
107,2012-03-17T00:00:00.000Z,2012,2126,45,1,0,22,.,1,82,12000,3,.,1,1,17,2,1,0,0,0,1,0,0,0,1,5,5,5,3,3,3,1,.,.,0,0,0,.,1,.,2,2,201
108,2012-03-25T00:00:00.000Z,2012,1629,43,1,1,20,20.64,1,84,23300,1,.,1,1,29,1,0,0,0,0,0,0,0,0,1,5,5,5,3,3,3,1,.,.,0,0,1,.,6,.,2,2,202
109,2012-04-14T00:00:00.000Z,2012,1910,49,1,0,23,38.29,4,97,56400,3,.,1,1,47,2,1,3,0,0,0,0,1,0,1,4,5,5,3,3,3,1,.,.,1,0,1,.,1,.,2,2,203
110,2012-04-18T00:00:00.000Z,2012,1642,26,1,0,3,31.82,2,1,12000,1,.,3,3,45,1,1,2,3,0,0,0,1,0,1,2,6,6,3,5,5,1,7,.,1,0,0,.,.,.,7,7,204
111,2012-04-21T00:00:00.000Z,2012,214,27,1,0,4,33.94,7,1,5000,2,.,1,1,22,2,0,0,0,0,1,0,0,0,3,5,5,5,3,3,3,1,.,.,1,0,1,.,1,.,2,2,205
112,2012-04-21T00:00:00.000Z,2012,249,35,1,0,2,27.64,7,75,5300,3,.,1,1,22,1,1,0,0,0,1,1,0,0,3,5,5,5,3,3,3,1,.,.,1,0,0,.,7,.,3,3,206
113,2012-05-29T00:00:00.000Z,2012,1821,37,1,0,14,25.87,7,75,56466,2,.,1,1,39,1,1,2,0,0,1,0,0,0,1,2,5,5,3,3,3,1,.,.,1,0,0,7,7,.,3,3,207
114,2012-06-12T00:00:00.000Z,2012,207,24,1,0,2,79.73,2,84,12000,3,.,1,1,20,4,0,8,0,0,0,0,0,0,1,4,5,5,4,4,4,1,.,.,1,0,0,.,1,.,2,2,208
115,2012-06-17T00:00:00.000Z,2012,147,34,1,0,3,60.13,7,1,42000,2,.,1,1,22,1,1,0,0,0,1,0,0,0,1,4,5,5,3,3,3,1,.,.,0,0,0,.,7,.,3,3,209
116,2012-06-21T00:00:00.000Z,2012,2010,37,1,0,7,30.03,4,2,5300,4,.,1,1,51,2,0,0,0,0,1,1,0,0,3,4,5,5,3,3,3,1,.,.,1,1,1,5,5,.,2,2,210
117,2012-07-19T00:00:00.000Z,2012,243,34,1,0,9,47.28,1,1,5300,2,.,1,1,22,6,1,0,0,0,1,0,0,0,2,5,5,5,3,3,3,1,.,.,1,0,1,.,1,5,1,8,211
118,2012-07-28T00:00:00.000Z,2012,105,53,1,0,22,27.87,7,1,42000,2,.,1,1,19,2,1,0,0,0,1,0,0,0,1,4,5,5,3,3,3,1,.,.,0,0,0,.,1,.,2,2,212
119,2012-07-28T00:00:00.000Z,2012,1726,26,1,0,1,.,4,75,5300,3,.,1,1,21,2,0,2,0,0,0,0,1,0,1,5,5,5,3,3,3,1,.,.,1,0,1,.,1,.,2,2,213
120,2012-08-02T00:00:00.000Z,2012,1555,37,1,0,6,25.43,4,80,56300,4,.,3,3,28,2,0,2,0,0,1,1,1,0,1,6,6,6,5,5,5,1,3,7,0,0,0,.,.,.,4,.,214
121,2012-08-10T00:00:00.000Z,2012,2119,30,1,0,3,40.53,4,97,5300,3,.,1,1,37,4,0,0,0,0,1,0,0,0,4,5,5,5,3,3,3,1,.,.,0,0,0,.,1,.,2,2,215
122,2012-08-18T00:00:00.000Z,2012,1940,31,1,0,1,.,4,97,5300,3,.,2,2,25,1,0,2,0,0,0,1,0,0,1,4,5,5,3,3,3,1,.,.,1,0,1,.,1,.,2,2,216
123,2012-08-27T00:00:00.000Z,2012,921,37,1,0,14,25.87,1,50,24244,1,.,1,1,42,2,1,3,0,0,0,0,1,0,1,2,5,5,3,3,3,1,.,.,0,0,0,.,1,.,2,2,217
124,2012-08-30T00:00:00.000Z,2012,1933,45,1,0,24,30.48,4,80,8000,4,.,5,5,28,2,0,2,0,0,1,1,1,0,1,6,6,6,5,5,5,1,3,7,0,0,0,.,.,.,6,6,218
125,2012-08-30T00:00:00.000Z,2012,1934,56,1,0,21,.,4,80,8000,4,.,5,5,28,2,0,2,0,0,1,1,1,0,1,6,6,6,5,5,5,1,3,7,0,0,0,.,.,.,6,6,219
126,2012-09-14T00:00:00.000Z,2012,1953,37,1,0,6,25.43,4,97,56466,3,.,5,5,21,1,0,2,0,0,0,0,1,0,1,5,5,5,3,3,3,1,.,.,0,0,1,.,1,.,2,2,220
127,2012-09-15T00:00:00.000Z,2012,223,34,1,0,12,70.87,4,84,12000,3,.,1,1,19,1,1,2,0,0,1,1,0,0,1,5,5,5,3,3,3,1,.,.,1,0,0,.,7,.,3,3,221
128,2012-10-14T00:00:00.000Z,2012,2351,28,1,0,5,22.02,1,22,5300,4,.,5,5,18,6,0,2,0,0,0,0,0,0,2,6,6,6,.,.,.,.,.,.,.,0,2,.,1,7,7,7,222
129,2012-10-15T00:00:00.000Z,2012,139,28,1,0,4,31.67,1,1,5300,4,.,5,5,18,6,0,2,0,0,0,0,0,0,2,6,6,6,.,.,.,.,.,.,.,0,2,.,1,7,7,7,223
130,2012-10-15T00:00:00.000Z,2012,2012,25,1,1,1,36.11,1,24,23300,2,.,1,1,22,1,0,2,0,0,0,0,0,0,1,5,5,5,3,3,3,1,.,.,1,0,1,.,1,.,2,2,224
131,2012-10-27T00:00:00.000Z,2012,1850,24,1,0,1,.,1,96,5000,4,.,1,5,21,1,0,0,0,0,0,0,0,0,4,5,5,5,3,3,3,1,.,.,0,0,0,.,.,.,1,2,225
132,2012-10-27T00:00:00.000Z,2012,2118,43,1,0,20,.,7,86,5300,3,.,1,1,31,1,1,0,0,0,1,0,0,0,3,5,5,5,3,3,3,1,.,.,0,0,1,.,7,.,3,3,226
133,2012-10-29T00:00:00.000Z,2012,2220,24,1,0,2,31.17,7,75,5300,3,.,5,5,46,5,0,2,0,0,0,1,0,0,4,5,5,5,3,3,3,1,.,.,1,0,1,.,6,.,2,2,227
134,2012-11-01T00:00:00.000Z,2012,2148,28,3,0,3,.,7,3,24000,2,.,1,1,54,2,1,3,0,0,0,0,1,0,1,5,5,5,3,5,5,1,7,.,1,0,0,3,1,.,2,2,228
135,2012-11-08T00:00:00.000Z,2012,125,26,3,0,2,27.84,5,80,5300,2,.,1,1,31,1,0,2,0,0,0,0,0,0,3,4,5,5,3,5,5,1,7,.,1,1,1,.,1,.,2,2,229
136,2012-11-09T00:00:00.000Z,2012,350,38,1,0,7,30.03,4,1,14100,2,.,1,1,28,2,0,2,0,0,1,1,0,0,2,4,5,5,3,3,3,1,.,.,0,0,0,.,6,.,3,3,230
137,2012-11-11T00:00:00.000Z,2012,416,25,1,0,2,79.73,7,75,42000,4,.,1,1,27,1,0,2,0,0,0,0,0,0,1,5,5,5,4,5,5,1,7,.,1,1,1,3,1,.,2,2,231
138,2012-11-16T00:00:00.000Z,2012,9,32,1,0,1,53.34,4,1,5300,2,.,5,5,32,2,0,0,0,0,0,1,0,0,2,5,6,6,3,3,3,1,.,.,1,0,2,.,1,5,7,7,232
259,2015-04-17T00:00:00.000Z,2015,42,27,1,0,5,55.89,4,84,13000,3,.,1,.,23,5,1,0,0,0,1,0,0,0,1,5,5,5,3,4,4,1,.,.,1,0,1,.,3,.,3,.,233
139,2012-11-23T00:00:00.000Z,2012,1806,52,1,0,22,52.06,4,80,5300,3,.,1,1,12,1,1,0,0,0,0,0,1,0,1,4,5,5,3,3,3,1,.,.,1,0,0,.,7,.,3,3,234
140,2012-11-23T00:00:00.000Z,2012,1807,29,1,0,1,36.76,4,80,5300,3,.,1,1,12,1,1,0,0,0,0,0,1,0,1,4,5,5,3,3,3,1,.,.,1,0,0,.,7,.,3,3,235
141,2012-12-04T00:00:00.000Z,2012,728,37,3,0,14,25.34,4,97,5300,3,.,1,1,29,1,0,0,0,0,0,0,1,0,4,5,5,5,3,3,3,1,.,.,0,0,1,.,1,.,2,2,236
142,2012-12-05T00:00:00.000Z,2012,2234,22,1,0,1,.,4,75,42000,3,.,1,1,15,1,0,2,0,0,0,0,0,0,1,2,5,5,3,3,3,1,.,.,1,0,0,.,.,.,2,2,237
143,2012-12-09T00:00:00.000Z,2012,231,35,1,0,10,23.92,2,84,6000,3,.,1,1,17,4,0,2,0,0,1,0,0,0,1,5,5,5,3,3,3,1,.,.,1,0,0,.,3,.,2,2,238
144,2012-12-17T00:00:00.000Z,2012,123,27,1,0,3,26.53,7,80,24255,4,.,1,1,43,2,0,1,2,0,1,0,0,0,1,5,5,5,3,3,3,1,.,.,1,0,1,.,1,.,3,3,239
145,2012-12-22T00:00:00.000Z,2012,27,36,1,0,6,60.48,4,88,56366,2,.,1,1,35,1,1,2,0,0,0,0,1,0,3,5,5,5,3,3,3,1,.,.,0,0,0,.,7,.,3,3,240
146,2012-12-31T00:00:00.000Z,2012,1932,25,1,0,2,54.59,4,80,9000,3,.,1,1,23,1,1,0,0,0,0,1,0,0,1,5,5,5,3,3,3,1,.,.,0,0,0,.,7,.,3,3,241
147,2013-01-08T00:00:00.000Z,2013,2307,26,1,0,1,51.42,1,84,5100,2,.,1,.,33,1,1,2,0,0,1,0,0,0,1,5,5,5,3,3,3,1,.,.,1,0,1,.,1,.,3,.,242
148,2013-01-17T00:00:00.000Z,2013,934,60,1,0,37,.,6,89,25211,3,.,1,0,12,4,1,0,0,0,0,0,0,0,1,2,5,5,3,3,3,1,.,.,0,0,1,.,3,.,1,2,243
149,2013-01-18T00:00:00.000Z,2013,1617,36,1,0,7,32.67,5,75,42000,1,.,1,.,14,1,0,0,0,0,0,0,0,0,1,5,5,5,3,3,3,1,.,.,1,0,1,.,1,.,1,.,244
150,2013-01-29T00:00:00.000Z,2013,1005,44,1,0,21,.,5,90,12000,3,.,1,0,15,1,0,0,0,0,0,0,1,0,3,5,5,5,3,3,3,1,.,.,1,0,1,.,7,.,1,3,245
151,2013-02-03T00:00:00.000Z,2013,1529,41,1,1,17,24.24,4,84,25211,3,.,1,.,16,6,0,0,0,0,0,0,0,0,1,2,4,4,3,3,3,1,.,.,0,0,1,.,1,.,3,.,246
152,2013-02-06T00:00:00.000Z,2013,1539,27,1,0,4,34.57,2,1,94800,1,.,1,.,17,2,0,2,8,0,0,0,0,0,1,2,4,5,4,5,5,1,7,.,1,0,1,.,1,.,3,2,247
153,2013-02-15T00:00:00.000Z,2013,240,29,1,0,3,.,7,35,5000,3,.,1,.,31,1,0,0,0,0,1,0,0,0,1,3,5,5,3,3,3,1,.,.,1,1,1,1,1,.,3,2,248
154,2013-03-04T00:00:00.000Z,2013,943,39,1,0,15,31.99,7,28,5000,1,.,1,.,30,1,0,0,0,0,0,0,1,0,1,2,5,5,3,3,3,1,.,.,1,0,1,.,1,.,2,1,249
155,2013-03-28T00:00:00.000Z,2013,1125,56,1,0,30,.,1,80,13000,2,.,1,.,28,1,0,0,0,0,0,0,0,0,1,3,5,5,3,3,3,1,.,.,1,0,2,.,7,.,3,.,250
156,2013-04-06T00:00:00.000Z,2013,1831,38,1,0,13,26.45,4,84,12000,1,.,1,.,49,5,0,2,0,0,0,0,0,0,1,5,5,5,3,5,5,1,7,.,0,0,0,.,.,.,2,.,251
55,2011-02-12T00:00:00.000Z,2011,30,26,1,0,3,44.38,7,75,94555,1,.,5,.,39,2,0,2,1,0,0,0,0,0,2,4,4,4,3,3,3,1,.,.,0,0,0,.,.,.,9,.,252
260,2015-04-19T00:00:00.000Z,2015,218,28,1,0,2,63.25,7,3,12000,2,.,1,.,24,3,0,0,0,0,1,0,0,0,3,5,5,5,3,5,5,1,7,.,1,0,1,.,1,.,2,.,253
56,2011-02-21T00:00:00.000Z,2011,1033,36,1,0,11,.,2,90,40185,3,.,1,.,15,2,0,0,0,0,0,0,0,0,1,5,5,5,3,3,3,1,.,.,1,0,1,.,1,.,2,.,254
261,2015-04-25T00:00:00.000Z,2015,140,32,6,1,2,.,2,1,94000,4,.,1,.,28,2,0,2,0,0,0,1,0,0,2,5,5,5,3,3,3,1,.,.,0,0,1,.,4,.,2,.,255
262,2015-04-27T00:00:00.000Z,2015,1212,42,1,0,10,27.03,2,84,40222,1,.,1,.,51,1,0,0,0,0,0,0,0,0,1,2,5,5,3,3,3,1,.,.,1,0,3,.,6,.,2,.,256
263,2015-05-01T00:00:00.000Z,2015,1706,27,1,0,5,55.89,4,84,42000,1,.,1,.,27,1,0,2,3,0,0,0,1,0,1,5,5,5,3,5,5,1,7,.,1,1,1,7,1,.,2,.,257
264,2015-05-01T00:00:00.000Z,2015,1645,26,1,0,5,25.89,4,84,42000,1,.,1,.,27,1,0,2,3,0,0,0,0,0,1,5,5,5,3,4,5,1,7,.,1,0,2,.,1,.,2,.,258
265,2015-05-13T00:00:00.000Z,2015,111,27,1,0,3,42.7,5,1,94102,2,.,5,.,23,1,0,0,0,0,0,1,0,0,2,6,6,6,.,.,.,.,.,.,.,0,0,.,10,.,7,.,259
266,2015-05-13T00:00:00.000Z,2015,935,44,1,0,16,38.2,4,84,6000,1,.,1,.,22,1,0,0,0,0,0,0,0,0,1,4,5,5,3,3,3,1,.,.,0,0,1,.,5,.,2,.,260
267,2015-05-15T00:00:00.000Z,2015,1725,40,1,0,4,44.98,7,12,24244,1,.,1,.,53,1,0,0,0,0,0,1,0,0,1,4,5,5,3,4,5,1,7,.,1,0,0,.,7,.,2,3,261
268,2015-05-27T00:00:00.000Z,2015,130,38,1,0,9,37.92,4,84,56366,3,.,1,.,41,1,0,0,0,0,0,1,0,0,1,4,5,5,3,3,3,1,.,.,1,0,1,.,1,.,2,.,262
269,2015-06-03T00:00:00.000Z,2015,1113,46,1,0,25,24.88,1,17,23300,1,.,5,.,47,2,1,0,0,0,0,0,0,0,1,4,5,5,3,3,3,1,.,.,0,0,2,.,5,.,8,.,263
270,2015-06-08T00:00:00.000Z,2015,2226,31,1,0,9,51.52,1,1,6000,2,.,1,.,10,2,1,0,0,0,0,0,0,0,1,5,5,5,4,4,4,1,.,.,1,0,1,.,5,.,8,.,264
271,2015-06-08T00:00:00.000Z,2015,2226,38,1,0,15,31.66,1,1,6000,2,.,1,.,10,2,1,0,0,0,0,0,0,0,1,5,5,5,4,4,4,1,.,.,1,0,1,.,3,.,8,3,265
272,2015-06-21T00:00:00.000Z,2015,210,28,1,0,2,63.25,7,3,14720,2,.,1,.,21,3,1,0,0,0,1,0,0,0,3,5,5,5,3,3,3,1,.,.,1,0,1,.,.,.,2,.,266
273,2015-07-30T00:00:00.000Z,2015,1711,34,1,0,5,30.25,5,1,12000,3,.,1,.,29,1,0,2,3,0,1,0,0,0,1,5,5,5,3,3,3,1,.,.,1,0,1,.,1,.,2,.,267
274,2015-08-06T00:00:00.000Z,2015,1830,35,1,1,8,.,1,82,12000,3,.,1,.,24,2,0,2,3,0,0,0,1,0,1,5,5,5,3,3,3,1,.,.,0,0,1,.,3,.,3,1,268
275,2015-08-31T00:00:00.000Z,2015,1650,28,1,0,4,44.98,7,61,12000,3,.,1,.,21,1,0,0,0,0,0,0,0,0,1,5,5,5,3,5,5,1,7,.,1,0,1,.,2,.,2,.,269
276,2015-09-06T00:00:00.000Z,2015,223,25,1,0,2,39.21,7,3,14000,2,.,1,.,21,2,1,0,0,0,1,0,0,0,3,5,5,5,3,3,3,1,.,.,1,0,1,.,7,.,3,.,270
277,2015-09-08T00:00:00.000Z,2015,1605,21,2,0,1,.,5,1,40222,1,.,1,.,20,2,0,8,0,0,0,0,0,0,1,3,5,5,3,4,4,1,.,.,0,0,0,.,3,.,3,.,271
278,2015-09-14T00:00:00.000Z,2015,2315,28,1,0,6,.,7,75,5000,3,.,1,.,43,2,0,0,0,0,1,0,0,0,1,3,5,5,3,4,4,1,.,.,1,0,0,.,7,.,3,.,272
279,2015-09-20T00:00:00.000Z,2015,130,25,1,0,2,43.46,2,84,13000,2,.,1,.,22,1,0,0,0,0,0,0,0,0,1,5,5,5,5,5,5,7,.,.,1,0,1,.,1,.,2,.,273
280,2015-09-23T00:00:00.000Z,2015,1030,32,1,0,5,.,4,34,56000,1,.,1,.,17,1,0,0,0,0,1,0,0,0,3,5,5,5,3,3,3,1,.,.,1,0,1,.,6,.,3,.,274
281,2015-09-23T00:00:00.000Z,2015,2335,26,1,1,2,27.52,1,84,27000,3,.,1,.,16,2,1,0,0,0,0,0,0,0,1,2,4,5,3,3,3,1,.,.,0,0,0,.,1,.,2,.,275
282,2015-09-26T00:00:00.000Z,2015,2202,33,6,1,2,.,5,80,12000,3,.,1,.,33,4,1,0,0,0,1,0,0,0,1,5,5,5,3,4,4,1,.,.,1,1,1,7,7,1,3,2,276
283,2015-09-26T00:00:00.000Z,2015,2212,28,1,0,1,61.02,4,84,12000,2,.,1,.,25,2,1,0,0,0,0,0,0,0,1,5,5,5,3,3,3,1,.,.,1,0,0,.,10,.,3,2,277
284,2015-09-29T00:00:00.000Z,2015,22,28,1,0,1,61.02,4,97,40222,3,.,1,.,38,1,1,1,3,2,0,0,1,0,1,2,3,5,3,3,3,1,.,.,1,0,1,.,3,.,2,.,278
285,2015-09-30T00:00:00.000Z,2015,1302,44,1,0,16,38.2,4,75,56000,1,.,1,.,17,1,0,0,0,0,1,0,0,0,1,5,5,5,3,4,4,1,.,.,1,0,2,.,6,.,3,.,279
286,2015-10-08T00:00:00.000Z,2015,1711,57,1,0,.,.,4,80,13000,1,.,1,.,32,1,1,0,0,0,0,0,0,0,3,5,5,5,3,3,3,1,.,.,1,0,1,.,5,.,2,.,280
287,2015-10-08T00:00:00.000Z,2015,1711,44,1,0,16,38.2,4,80,13000,1,.,1,.,32,1,1,0,0,0,0,0,0,0,3,5,5,5,3,3,3,1,.,.,1,0,1,.,5,.,2,.,281
288,2015-10-13T00:00:00.000Z,2015,2050,41,1,0,10,17.95,4,84,12000,3,.,1,3,27,1,1,2,1,0,0,0,0,0,1,4,5,6,4,4,4,1,.,.,1,2,0,.,10,.,2,.,282
289,2015-11-04T00:00:00.000Z,2015,2126,30,1,0,3,.,7,2,70111,2,.,5,.,20,2,0,0,0,0,0,0,0,0,3,6,6,6,3,3,3,1,.,.,0,0,0,.,10,.,7,.,283
290,2015-11-09T00:00:00.000Z,2015,1350,50,1,0,21,31.47,2,1,3000,3,.,1,.,32,1,1,0,0,0,0,0,0,0,2,3,4,5,3,3,3,1,.,.,1,0,0,.,7,.,3,.,284
291,2015-11-17T00:00:00.000Z,2015,1922,28,1,0,1,61.02,1,24,3121,2,.,1,.,60,1,1,0,0,0,0,0,0,0,1,4,5,5,4,4,4,1,.,.,1,0,0,.,.,.,3,.,285
292,2015-11-29T00:00:00.000Z,2015,2040,39,1,0,9,37.92,4,82,5000,3,.,1,.,12,2,1,0,0,0,0,0,0,0,1,5,5,5,3,3,3,1,.,.,0,0,0,.,10,.,8,.,286
293,2015-11-30T00:00:00.000Z,2015,344,23,1,0,1,.,2,1,35222,2,.,4,.,29,1,0,0,0,0,0,0,0,0,1,6,6,6,6,6,6,6,.,.,0,4,2,1,5,.,6,.,287
294,2015-11-30T00:00:00.000Z,2015,344,34,1,0,3,.,2,1,35222,2,.,4,.,29,1,0,0,0,0,0,0,0,0,1,6,6,6,6,6,6,6,.,.,0,4,0,1,3,.,6,.,288
295,2015-12-06T00:00:00.000Z,2015,1121,55,1,1,24,19.67,4,97,5000,3,.,1,.,14,1,1,2,0,0,0,0,1,0,1,5,5,5,3,3,3,1,.,.,1,0,1,.,5,.,3,.,289
296,2015-12-21T00:00:00.000Z,2015,1451,40,1,0,17,24.83,4,97,5300,3,.,5,.,39,6,0,0,0,0,0,1,0,0,1,5,5,5,3,3,3,1,.,.,1,0,0,.,5,.,8,.,290
297,2015-12-25T00:00:00.000Z,2015,1957,30,1,0,6,29.43,1,81,5100,2,.,1,.,45,2,0,7,0,0,1,0,0,0,1,3,5,5,3,4,4,1,.,.,0,0,1,.,3,.,3,.,291
298,2015-12-30T00:00:00.000Z,2015,648,35,1,0,4,49.21,5,76,54666,3,.,1,.,78,1,0,0,0,0,0,0,1,0,1,5,5,5,3,3,3,1,.,.,0,0,0,.,3,.,2,.,292
299,2016-12-25T00:00:00.000Z,2016,1152,38,1,1,16,.,7,34,42000,3,.,1,.,31,1,0,0,.,.,0,0,0,0,1,4,5,5,2,3,3,1,.,1,1,0,1,.,1,3,3,.,293
300,2016-12-23T00:00:00.000Z,2016,405,26,1,1,1,35.18,2,36,12000,3,.,1,.,18,1,0,0,0,0,0,0,0,0,1,3,4,5,2,3,5,1,7,7,1,0,1,1,.,.,9,.,294
301,2016-12-16T00:00:00.000Z,2016,2335,49,1,0,9,.,1,21,5000,3,.,1,.,28,1,1,0,0,0,0,0,0,0,1,4,5,5,3,3,3,1,.,1,0,0,1,.,5,.,3,.,295
302,2016-12-05T00:00:00.000Z,2016,1405,44,1,0,14,.,5,90,12000,1,.,1,.,17,1,0,0,0,0,0,0,0,0,3,2,4,4,2,3,3,1,.,1,0,0,0,.,10,10,1,.,296
303,2016-11-27T00:00:00.000Z,2016,308,28,1,0,3,.,7,3,12000,2,.,1,.,34,2,0,1,0,0,1,0,0,0,3,4,5,5,2,3,3,1,.,1,1,0,1,.,6,.,2,.,297
304,2016-11-22T00:00:00.000Z,2016,1807,28,1,0,1,44.64,7,80,25211,2,.,1,.,18,2,0,0,0,0,0,0,0,0,1,5,5,5,2,3,3,1,.,1,1,0,1,.,1,.,2,.,298
305,2016-11-15T00:00:00.000Z,2016,1940,25,1,0,1,29.49,7,75,40222,3,.,1,.,39,1,0,1,3,0,1,0,0,0,1,4,4,4,2,3,3,1,.,1,0,0,0,.,.,.,3,.,299
306,2016-11-13T00:00:00.000Z,2016,2252,28,1,0,6,42.01,4,1,12000,2,.,1,.,31,2,0,2,1,.,0,1,0,0,3,4,5,5,3,3,3,1,.,1,1,0,0,.,.,.,2,.,300
307,2016-11-13T00:00:00.000Z,2016,1338,49,1,0,19,26.57,5,80,55222,1,.,1,.,29,2,1,0,0,0,0,0,0,0,3,5,5,5,2,3,3,1,.,1,0,0,0,.,.,.,3,2,301
308,2016-11-09T00:00:00.000Z,2016,2134,25,1,0,1,42.74,1,36,14000,2,.,1,.,32,1,0,0,0,0,1,0,0,0,1,2,2,4,4,2,3,1,.,1,0,0,0,.,.,.,1,.,302
309,2016-11-09T00:00:00.000Z,2016,333,32,3,0,6,.,7,5,12000,2,.,1,.,14,2,0,0,0,0,1,0,0,0,3,2,4,4,2,3,3,1,.,1,1,0,0,.,.,.,2,.,303
57,2011-02-24T00:00:00.000Z,2011,4,28,1,0,2,34.47,7,1,12000,3,.,1,.,58,1,0,0,0,0,1,0,0,0,1,3,5,5,3,3,3,1,.,.,0,0,1,.,7,.,3,.,304
58,2011-02-25T00:00:00.000Z,2011,2323,38,1,0,12,46.85,7,75,40222,3,.,1,.,29,1,0,0,0,0,1,0,0,0,2,3,5,5,3,4,4,1,.,.,0,0,1,.,1,.,2,.,305
59,2011-02-28T00:00:00.000Z,2011,237,27,1,0,1,48.22,4,97,5000,3,.,1,.,29,1,1,0,0,0,0,0,0,0,4,5,5,5,3,3,3,1,.,.,0,0,1,.,3,.,2,3,306
60,2011-03-05T00:00:00.000Z,2011,2158,26,1,0,4,74.45,7,75,14100,3,.,1,.,39,1,1,0,0,0,1,0,0,0,2,5,5,5,3,3,3,1,.,.,0,0,1,.,7,.,3,.,307
61,2011-03-09T00:00:00.000Z,2011,2235,26,3,0,2,38.3,7,86,5000,3,.,1,.,30,1,0,0,0,0,1,0,0,0,1,4,5,5,3,4,4,1,.,.,1,0,1,.,6,.,8,.,308
62,2011-03-18T00:00:00.000Z,2011,159,34,1,0,8,37.67,7,75,14100,3,.,1,.,30,1,0,2,0,0,1,0,0,0,2,2,5,5,3,3,3,1,.,.,1,0,1,.,7,.,3,.,309
63,2011-04-03T00:00:00.000Z,2011,1909,30,1,0,1,31.68,2,1,12000,1,.,1,.,30,1,1,3,0,0,0,0,1,0,1,2,5,5,3,3,3,1,.,.,0,0,1,.,6,.,8,1,310
64,2011-04-10T00:00:00.000Z,2011,242,40,1,0,8,27.27,2,2,5100,3,.,5,.,47,2,0,0,0,0,1,0,0,0,1,5,5,5,3,3,3,1,.,.,0,0,1,.,1,.,2,.,311
65,2011-04-19T00:00:00.000Z,2011,1643,42,1,1,19,27.45,1,35,5000,3,.,1,.,28,1,0,0,0,0,0,0,0,0,1,4,5,5,3,4,4,1,.,.,1,0,1,.,6,.,1,2,312
66,2011-04-27T00:00:00.000Z,2011,359,30,4,0,4,.,7,75,14000,3,.,1,.,30,1,0,0,0,0,1,0,0,0,4,5,5,5,3,3,3,1,.,.,1,0,1,.,7,.,3,.,313
67,2011-05-29T00:00:00.000Z,2011,2102,40,1,0,10,27.88,2,83,24244,2,.,1,.,44,1,0,0,0,0,1,0,0,0,1,4,4,4,3,4,4,1,.,.,1,0,1,.,3,.,2,.,314
68,2011-05-31T00:00:00.000Z,2011,1931,38,1,0,7,37.58,4,1,94000,2,.,5,2,36,2,1,2,3,0,0,0,0,0,1,5,5,5,3,4,5,1,7,.,1,0,1,.,6,.,5,.,315
69,2011-05-31T00:00:00.000Z,2011,1931,35,1,0,1,43.54,4,80,94000,1,.,5,2,36,2,1,2,3,0,0,0,0,0,1,5,5,5,3,4,5,1,7,.,1,0,1,.,1,.,5,.,316
70,2011-06-12T00:00:00.000Z,2011,2333,40,1,0,12,19.51,7,71,5100,3,.,1,.,20,2,1,0,0,0,0,0,0,0,1,5,5,5,3,3,3,1,.,.,0,0,1,.,7,.,3,2,317
71,2011-07-01T00:00:00.000Z,2011,2203,26,1,0,3,43.86,7,5,14000,2,.,1,.,24,1,0,2,1,0,1,0,0,0,3,5,5,5,3,3,3,1,.,.,1,0,1,.,7,.,3,.,318
72,2011-07-02T00:00:00.000Z,2011,106,27,3,0,2,38.3,7,3,8000,2,.,1,5,23,1,0,2,1,0,1,0,0,0,3,4,5,5,3,5,5,1,7,.,1,0,1,.,1,.,2,.,319
73,2011-07-03T00:00:00.000Z,2011,1538,31,1,0,11,28.57,4,97,12000,3,.,1,.,18,1,0,2,3,0,0,0,1,0,1,5,5,5,3,3,3,1,.,.,1,0,1,.,7,.,3,.,320
74,2011-08-01T00:00:00.000Z,2011,1910,23,1,0,1,57.6,2,80,70111,2,.,5,.,34,1,0,0,0,0,0,0,0,0,4,6,6,6,3,3,3,1,6,.,0,0,1,.,6,.,5,.,321
75,2011-08-02T00:00:00.000Z,2011,414,28,1,0,8,26.6,4,1,12000,2,.,1,.,18,1,1,0,0,0,1,0,0,0,1,4,5,5,3,4,4,1,.,.,1,1,1,1,6,.,3,2,322
76,2011-08-10T00:00:00.000Z,2011,1206,22,1,0,1,47.11,7,82,12000,1,.,1,.,33,2,1,2,0,0,0,0,0,0,1,5,5,5,3,3,3,1,.,.,0,0,1,.,5,.,2,.,323
77,2011-08-10T00:00:00.000Z,2011,1207,42,1,0,20,23.78,7,82,12000,1,.,1,.,33,2,1,2,0,0,0,0,0,0,1,5,5,5,3,3,3,1,.,.,0,0,1,.,6,.,8,.,324
78,2011-08-21T00:00:00.000Z,2011,329,31,1,0,1,26.57,5,80,12341,1,.,1,.,24,1,0,2,3,0,0,0,1,0,1,5,5,5,3,3,3,1,.,.,1,0,1,.,1,.,2,3,325
79,2011-08-25T00:00:00.000Z,2011,902,35,1,0,9,.,7,1,94666,1,.,5,.,24,1,0,0,0,0,0,0,0,0,2,6,6,6,3,3,3,1,.,.,0,0,2,.,3,.,7,.,326
80,2011-08-29T00:00:00.000Z,2011,1923,37,1,0,6,29.46,4,84,31500,1,.,1,.,36,1,0,0,0,0,0,0,0,0,3,5,5,5,3,3,3,1,.,.,0,1,1,.,2,.,2,3,327
81,2011-08-29T00:00:00.000Z,2011,1923,34,1,0,5,58.42,4,84,31500,1,.,1,.,36,1,0,0,0,0,0,0,0,0,3,5,5,5,3,3,3,1,.,.,0,1,1,.,5,.,2,3,328
82,2011-09-18T00:00:00.000Z,2011,2145,34,1,0,5,58.42,4,97,27444,3,.,1,.,19,2,1,3,0,0,0,1,1,0,1,5,5,5,3,3,3,1,.,.,0,0,1,.,3,.,3,2,329
83,2011-10-04T00:00:00.000Z,2011,1701,36,1,0,3,35.58,5,2,5100,2,.,5,.,28,1,1,0,0,0,0,0,1,0,1,2,6,6,.,.,.,0,.,.,0,1,1,.,.,.,7,7,330
84,2011-10-04T00:00:00.000Z,2011,1701,24,1,0,1,.,5,2,5100,2,.,5,.,28,1,1,0,0,0,0,0,1,0,1,2,6,6,.,.,.,0,.,.,0,1,1,.,.,.,7,7,331
85,2011-11-21T00:00:00.000Z,2011,1159,44,1,0,18,33.62,4,84,5000,3,.,1,.,17,4,0,0,0,0,0,0,0,0,1,4,5,5,3,3,3,1,.,.,0,0,1,.,1,.,2,2,332
86,2011-11-26T00:00:00.000Z,2011,429,35,1,0,12,.,7,75,14100,3,.,1,.,23,2,1,0,0,0,1,0,0,0,2,5,5,5,3,3,3,1,.,.,1,0,1,.,1,.,3,.,333
87,2011-11-26T00:00:00.000Z,2011,1520,42,1,1,12,.,2,84,15100,1,.,1,.,22,1,1,0,0,0,0,0,0,0,1,5,5,5,3,3,3,1,.,.,1,0,1,.,1,.,2,3,334
88,2011-11-26T00:00:00.000Z,2011,1610,24,1,1,1,.,2,84,15100,1,.,1,.,22,1,1,0,0,0,0,0,0,0,1,5,5,5,3,3,3,1,.,.,1,0,2,.,6,.,2,3,335
89,2011-11-28T00:00:00.000Z,2011,1113,43,1,0,20,21.76,4,90,12000,1,.,5,.,16,1,0,2,0,0,0,0,1,0,1,4,5,5,3,3,3,1,.,.,1,0,1,.,1,.,2,.,336
90,2011-12-13T00:00:00.000Z,2011,1825,23,1,0,1,27.51,7,61,292000,1,.,5,.,35,1,0,0,0,0,0,0,0,0,1,6,6,6,.,.,.,.,.,.,0,0,0,.,.,.,7,.,337
91,2011-12-24T00:00:00.000Z,2011,309,26,1,0,2,27.97,7,1,94000,2,.,5,.,29,2,0,0,0,0,1,1,0,0,2,6,6,6,3,3,3,1,.,.,1,0,1,.,5,.,7,.,338
92,2011-12-26T00:00:00.000Z,2011,52,35,1,0,5,58.42,4,80,12000,3,.,1,.,19,5,0,0,0,0,1,0,0,0,1,5,5,5,3,4,5,1,7,.,1,1,1,6,1,.,2,3,339
93,2012-01-01T00:00:00.000Z,2012,204,26,1,0,4,32.99,7,3,12000,2,.,1,1,26,2,0,0,0,0,0,0,0,0,3,4,5,5,3,5,5,1,7,.,1,0,0,.,1,.,2,2,340
94,2012-01-07T00:00:00.000Z,2012,508,25,3,0,2,27.84,5,80,3221,4,.,1,1,50,2,0,6,0,0,1,0,0,0,1,5,5,5,3,3,3,1,.,.,0,0,0,.,1,.,2,2,341
95,2012-01-13T00:00:00.000Z,2012,1716,34,1,0,12,.,4,75,5300,3,.,1,1,32,2,0,6,0,0,0,1,0,0,4,5,5,5,3,3,3,1,.,.,1,1,0,6,7,.,3,3,342
96,2012-01-13T00:00:00.000Z,2012,2154,35,1,0,6,60.48,4,80,5100,3,.,1,1,27,1,0,3,2,7,0,0,1,0,1,5,5,5,3,3,3,1,.,.,1,0,0,1,7,.,2,2,343
97,2012-02-03T00:00:00.000Z,2012,1313,39,1,0,13,.,1,90,5000,3,.,1,1,16,1,1,2,0,0,0,0,1,0,4,4,5,5,3,3,3,1,.,.,0,0,0,.,3,.,3,3,344
98,2012-02-24T00:00:00.000Z,2012,1500,43,1,0,20,.,5,90,5300,1,.,1,1,18,1,0,0,0,0,0,0,1,0,4,5,5,5,3,3,3,1,.,.,1,0,1,.,1,.,2,8,345
99,2012-02-25T00:00:00.000Z,2012,2225,37,1,0,7,30.03,4,75,12000,3,.,1,1,16,2,0,0,0,0,0,0,0,0,1,5,5,5,4,4,4,1,.,.,1,0,0,.,.,.,2,2,346
100,2012-02-26T00:00:00.000Z,2012,227,44,1,0,22,85.07,4,75,12000,3,.,1,1,16,2,1,0,0,0,0,0,0,0,1,4,4,4,3,3,3,1,.,.,1,0,0,.,.,.,2,2,347
101,2012-02-27T00:00:00.000Z,2012,630,43,1,0,15,35.4,7,1,40222,3,.,2,2,59,1,0,2,0,0,0,0,0,0,1,5,5,5,3,4,4,1,5,.,0,0,0,.,5,.,5,5,348
102,2012-03-01T00:00:00.000Z,2012,207,27,1,0,4,49.15,1,1,94555,4,.,1,1,27,2,0,2,1,0,1,1,0,0,2,5,5,5,3,3,3,1,.,.,1,0,0,7,7,.,3,1,349
103,2012-03-02T00:00:00.000Z,2012,45,27,1,0,2,33.01,7,1,24244,2,.,1,1,21,1,0,0,0,0,1,0,0,0,3,5,5,5,3,3,3,1,.,.,1,0,0,.,1,.,3,3,350
104,2012-03-03T00:00:00.000Z,2012,346,36,1,0,11,21.78,4,84,13000,3,.,1,1,20,4,0,2,8,0,0,0,0,0,1,5,5,5,3,3,3,1,.,.,1,0,1,.,6,.,1,3,351
105,2012-03-03T00:00:00.000Z,2012,427,32,1,0,12,28.04,4,84,13000,3,.,1,1,20,4,0,2,8,0,0,0,0,0,1,5,5,5,3,3,3,1,.,.,1,0,1,.,7,.,1,3,352
